name,sequence
P4P6_0-99_w53barcode,GGGAACGACTCGAGTAGAGTCGAAAAGGCCAAAACAACGGAATTGCGGGAAAGGGGTCAACAGCCGTTCAGTACCAAGTCTCAGGGGAAACTTTGAGATGGCCTTGCAAAGGGTATGGTAATAAGCAAAACATTGTGGTTCGCCACAATGAAAAGAAACAACAACAACAAC
P4P6_10-109_w53barcode,GGGAACGACTCGAGTAGAGTCGAAAAACGGAATTGCGGGAAAGGGGTCAACAGCCGTTCAGTACCAAGTCTCAGGGGAAACTTTGAGATGGCCTTGCAAAGGGTATGGTAATAAGCTGACGGACATAAAACTGTAACGTTCGCGTTACAGAAAAGAAACAACAACAACAAC
P4P6_20-119_w53barcode,GGGAACGACTCGAGTAGAGTCGAAAAGGGAAAGGGGTCAACAGCCGTTCAGTACCAAGTCTCAGGGGAAACTTTGAGATGGCCTTGCAAAGGGTATGGTAATAAGCTGACGGACATGGTCCTAACCAAAAGTCCTCGGTTCGCCGAGGACAAAAGAAACAACAACAACAAC
P4P6_30-129_w53barcode,GGGAACGACTCGAGTAGAGTCGAAAATCAACAGCCGTTCAGTACCAAGTCTCAGGGGAAACTTTGAGATGGCCTTGCAAAGGGTATGGTAATAAGCTGACGGACATGGTCCTAACCACGCAGCCAAAAAACCCCCGCGTTCGCGCGGGGGAAAAGAAACAACAACAACAAC
P4P6_40-139_w53barcode,GGGAACGACTCGAGTAGAGTCGAAAATTCAGTACCAAGTCTCAGGGGAAACTTTGAGATGGCCTTGCAAAGGGTATGGTAATAAGCTGACGGACATGGTCCTAACCACGCAGCCAAGTCCTAAGTCAAAAAGATCAATTTCGATTGATCTAAAAGAAACAACAACAACAAC
P4P6_50-149_w53barcode,GGGAACGACTCGAGTAGAGTCGAAAAAGTCTCAGGGGAAACTTTGAGATGGCCTTGCAAAGGGTATGGTAATAAGCTGACGGACATGGTCCTAACCACGCAGCCAAGTCCTAAGTCAACAGATCTTAAAACCTGTCTGTTCGCAGACAGGAAAAGAAACAACAACAACAAC
P4P6_60-159_w53barcode,GGGAACGACTCGAGTAGAGTCGAAAAGAAACTTTGAGATGGCCTTGCAAAGGGTATGGTAATAAGCTGACGGACATGGTCCTAACCACGCAGCCAAGTCCTAAGTCAACAGATCTTCTGTTGATATAAAAGGCTGAGATTCGTCTCAGCCAAAAGAAACAACAACAACAAC
P4P6_70-169_w53barcode,GGGAACGACTCGAGTAGAGTCGAAAAGATGGCCTTGCAAAGGGTATGGTAATAAGCTGACGGACATGGTCCTAACCACGCAGCCAAGTCCTAAGTCAACAGATCTTCTGTTGATATGGATGCAGTTAAAACTACTTCGTTCGCGAAGTAGAAAAGAAACAACAACAACAAC
P4P6_80-179_w53barcode,GGGAACGACTCGAGTAGAGTCGAAAACAAAGGGTATGGTAATAAGCTGACGGACATGGTCCTAACCACGCAGCCAAGTCCTAAGTCAACAGATCTTCTGTTGATATGGATGCAGTTCAAAACCAAAAAAACCTACGAGTTCGCTCGTAGGAAAAGAAACAACAACAACAAC
P4P6_90-189_w53barcode,GGGAACGACTCGAGTAGAGTCGAAAAGGTAATAAGCTGACGGACATGGTCCTAACCACGCAGCCAAGTCCTAAGTCAACAGATCTTCTGTTGATATGGATGCAGTTCAAAACCAAACCAAAGAAACAAAACGGCGAACTTCGGTTCGCCGAAAAGAAACAACAACAACAAC
P4P6_100-199_w53barcode,GGGAACGACTCGAGTAGAGTCGAAAATGACGGACATGGTCCTAACCACGCAGCCAAGTCCTAAGTCAACAGATCTTCTGTTGATATGGATGCAGTTCAAAACCAAACCAAAGAAACAACAACAACAAAAAACTCCGTCTTCGGACGGAGTAAAAGAAACAACAACAACAAC
6WLT_0-99_w53barcode,GGGAACGACTCGAGTAGAGTCGAAAAGGTCCGTTGAAGACTGCAGGAGAGTGGTTGTTAACCAGATTTTAACATCTGAGCCAAATAACCCGCCGAAGAAGTAAATCTTTCAGGTGCATTATTCTTAAAAACTAATAAGTTCGCTTATTAGAAAAGAAACAACAACAACAAC
6WLT_10-109_w53barcode,GGGAACGACTCGAGTAGAGTCGAAAAAGACTGCAGGAGAGTGGTTGTTAACCAGATTTTAACATCTGAGCCAAATAACCCGCCGAAGAAGTAAATCTTTCAGGTGCATTATTCTTAGCCATATATTAAAACGTGTGTGTTCGCACACACGAAAAGAAACAACAACAACAAC
6WLT_20-119_w53barcode,GGGAACGACTCGAGTAGAGTCGAAAAAGAGTGGTTGTTAACCAGATTTTAACATCTGAGCCAAATAACCCGCCGAAGAAGTAAATCTTTCAGGTGCATTATTCTTAGCCATATATTGGCAACGAATAAAATACAAAATTTCGATTTTGTAAAAAGAAACAACAACAACAAC
6WLT_30-129_w53barcode,GGGAACGACTCGAGTAGAGTCGAAAATTAACCAGATTTTAACATCTGAGCCAAATAACCCGCCGAAGAAGTAAATCTTTCAGGTGCATTATTCTTAGCCATATATTGGCAACGAATAAGCGAGGACAAAACCATGGTGTTCGCACCATGGAAAAGAAACAACAACAACAAC
6WLT_40-139_w53barcode,GGGAACGACTCGAGTAGAGTCGAAAATTTAACATCTGAGCCAAATAACCCGCCGAAGAAGTAAATCTTTCAGGTGCATTATTCTTAGCCATATATTGGCAACGAATAAGCGAGGACTGTAGTTGGAAAAACCTATGGATTCGTCCATAGGAAAAGAAACAACAACAACAAC
6WLT_50-149_w53barcode,GGGAACGACTCGAGTAGAGTCGAAAAGAGCCAAATAACCCGCCGAAGAAGTAAATCTTTCAGGTGCATTATTCTTAGCCATATATTGGCAACGAATAAGCGAGGACTGTAGTTGGAGGAACCTCTGAAAAGGCATAAGTTCGCTTATGCCAAAAGAAACAACAACAACAAC
6WLT_60-159_w53barcode,GGGAACGACTCGAGTAGAGTCGAAAAACCCGCCGAAGAAGTAAATCTTTCAGGTGCATTATTCTTAGCCATATATTGGCAACGAATAAGCGAGGACTGTAGTTGGAGGAACCTCTGGAGAGAACCGAAAAGCTACCGGTTCGCCGGTAGCAAAAGAAACAACAACAACAAC
6WLT_70-169_w53barcode,GGGAACGACTCGAGTAGAGTCGAAAAGAAGTAAATCTTTCAGGTGCATTATTCTTAGCCATATATTGGCAACGAATAAGCGAGGACTGTAGTTGGAGGAACCTCTGGAGAGAACCGTTTAATCGGTAAAATCCTGTTCTTCGGAACAGGAAAAAGAAACAACAACAACAAC
6WLT_80-179_w53barcode,GGGAACGACTCGAGTAGAGTCGAAAATTTCAGGTGCATTATTCTTAGCCATATATTGGCAACGAATAAGCGAGGACTGTAGTTGGAGGAACCTCTGGAGAGAACCGTTTAATCGGTCGCCGAAGGAAAAACTCTTGCGTTCGCGCAAGAGAAAAGAAACAACAACAACAAC
6WLT_90-189_w53barcode,GGGAACGACTCGAGTAGAGTCGAAAAATTATTCTTAGCCATATATTGGCAACGAATAAGCGAGGACTGTAGTTGGAGGAACCTCTGGAGAGAACCGTTTAATCGGTCGCCGAAGGAGCAAGCTCTGAAAAGGGTCACCTTCGGGTGACCCAAAAGAAACAACAACAACAAC
6WLT_100-199_w53barcode,GGGAACGACTCGAGTAGAGTCGAAAAGCCATATATTGGCAACGAATAAGCGAGGACTGTAGTTGGAGGAACCTCTGGAGAGAACCGTTTAATCGGTCGCCGAAGGAGCAAGCTCTGCGCATATGCAAAAATACCCGGTTTCGACCGGGTAAAAAGAAACAACAACAACAAC
6WLT_110-209_w53barcode,GGGAACGACTCGAGTAGAGTCGAAAAGGCAACGAATAAGCGAGGACTGTAGTTGGAGGAACCTCTGGAGAGAACCGTTTAATCGGTCGCCGAAGGAGCAAGCTCTGCGCATATGCAGAGTGAAACTAAAATACGGGTCTTCGGACCCGTAAAAAGAAACAACAACAACAAC
6WLT_120-219_w53barcode,GGGAACGACTCGAGTAGAGTCGAAAAAAGCGAGGACTGTAGTTGGAGGAACCTCTGGAGAGAACCGTTTAATCGGTCGCCGAAGGAGCAAGCTCTGCGCATATGCAGAGTGAAACTCTCAGGCAAAAAAAGGCCCAGGTTCGCCTGGGCCAAAAGAAACAACAACAACAAC
6WLT_130-229_w53barcode,GGGAACGACTCGAGTAGAGTCGAAAATGTAGTTGGAGGAACCTCTGGAGAGAACCGTTTAATCGGTCGCCGAAGGAGCAAGCTCTGCGCATATGCAGAGTGAAACTCTCAGGCAAAAGGACAGAGGAAAAACCGAATGTTCGCATTCGGTAAAAGAAACAACAACAACAAC
4GMA_0-99_w53barcode,GGGAACGACTCGAGTAGAGTCGAAAAGGTTAAAGCCTTATGGTCGCTACCATTGCACTCCGGTAGCGTTAAAAGGGAAGACGGGTGAGAATCCCGCGCAGCCCCCGCTACTGTGAGGGAGGACGAAAAAACTCTAAAGTTCGCTTTAGAGAAAAGAAACAACAACAACAAC
4GMA_10-109_w53barcode,GGGAACGACTCGAGTAGAGTCGAAAATTATGGTCGCTACCATTGCACTCCGGTAGCGTTAAAAGGGAAGACGGGTGAGAATCCCGCGCAGCCCCCGCTACTGTGAGGGAGGACGAAGCCCTAGTAAAAAAGCGGAAACTTCGGTTTCCGCAAAAGAAACAACAACAACAAC
4GMA_20-119_w53barcode,GGGAACGACTCGAGTAGAGTCGAAAATACCATTGCACTCCGGTAGCGTTAAAAGGGAAGACGGGTGAGAATCCCGCGCAGCCCCCGCTACTGTGAGGGAGGACGAAGCCCTAGTAAGCCACTGCCGAAAAGTCTGTTGTTCGCAACAGACAAAAGAAACAACAACAACAAC
4GMA_30-129_w53barcode,GGGAACGACTCGAGTAGAGTCGAAAACTCCGGTAGCGTTAAAAGGGAAGACGGGTGAGAATCCCGCGCAGCCCCCGCTACTGTGAGGGAGGACGAAGCCCTAGTAAGCCACTGCCGAAAGGTGGGAAAAAACGGACGGTTCGCCGTCCGTAAAAGAAACAACAACAACAAC
4GMA_40-139_w53barcode,GGGAACGACTCGAGTAGAGTCGAAAAGTTAAAAGGGAAGACGGGTGAGAATCCCGCGCAGCCCCCGCTACTGTGAGGGAGGACGAAGCCCTAGTAAGCCACTGCCGAAAGGTGGGAAGGCAGGGTGAAAAGCGGAGTGTTCGCACTCCGCAAAAGAAACAACAACAACAAC
4GMA_50-149_w53barcode,GGGAACGACTCGAGTAGAGTCGAAAAAAGACGGGTGAGAATCCCGCGCAGCCCCCGCTACTGTGAGGGAGGACGAAGCCCTAGTAAGCCACTGCCGAAAGGTGGGAAGGCAGGGTGGAGGATGAGTAAAAGCCGTCGTTTCGACGACGGCAAAAGAAACAACAACAACAAC
4GMA_60-159_w53barcode,GGGAACGACTCGAGTAGAGTCGAAAAAGAATCCCGCGCAGCCCCCGCTACTGTGAGGGAGGACGAAGCCCTAGTAAGCCACTGCCGAAAGGTGGGAAGGCAGGGTGGAGGATGAGTCCCGAGCCAGAAAACCGAGAACTTCGGTTCTCGGAAAAGAAACAACAACAACAAC
4GMA_70-169_w53barcode,GGGAACGACTCGAGTAGAGTCGAAAAGCAGCCCCCGCTACTGTGAGGGAGGACGAAGCCCTAGTAAGCCACTGCCGAAAGGTGGGAAGGCAGGGTGGAGGATGAGTCCCGAGCCAGGAGACCTGCCAAAACCGAGCGTTTCGACGCTCGGAAAAGAAACAACAACAACAAC
4GMA_80-179_w53barcode,GGGAACGACTCGAGTAGAGTCGAAAACTACTGTGAGGGAGGACGAAGCCCTAGTAAGCCACTGCCGAAAGGTGGGAAGGCAGGGTGGAGGATGAGTCCCGAGCCAGGAGACCTGCCATAAGGTTTTAAAACTCTCGGCTTCGGCCGAGAGAAAAGAAACAACAACAACAAC
4GMA_90-189_w53barcode,GGGAACGACTCGAGTAGAGTCGAAAAGGAGGACGAAGCCCTAGTAAGCCACTGCCGAAAGGTGGGAAGGCAGGGTGGAGGATGAGTCCCGAGCCAGGAGACCTGCCATAAGGTTTTAGAAGTTCGCAAAAACCAGTGCTTCGGCACTGGTAAAAGAAACAACAACAACAAC
4GMA_100-199_w53barcode,GGGAACGACTCGAGTAGAGTCGAAAAGCCCTAGTAAGCCACTGCCGAAAGGTGGGAAGGCAGGGTGGAGGATGAGTCCCGAGCCAGGAGACCTGCCATAAGGTTTTAGAAGTTCGCCTTCGGGGGGAAAAGTAACGGCTTCGGCCGTTACAAAAGAAACAACAACAACAAC
4GMA_110-209_w53barcode,GGGAACGACTCGAGTAGAGTCGAAAAGCCACTGCCGAAAGGTGGGAAGGCAGGGTGGAGGATGAGTCCCGAGCCAGGAGACCTGCCATAAGGTTTTAGAAGTTCGCCTTCGGGGGGAAGGTGAACAAAAACATGTTTGTTCGCAAACATGAAAAGAAACAACAACAACAAC
